/*
SQLyog Ultimate v11.11 (64 bit)
MySQL - 8.0.27 : Database - india_crm
*********************************************************************
*/

/*!40101 SET NAMES utf8 */;

/*!40101 SET SQL_MODE=''*/;

/*!40014 SET @OLD_UNIQUE_CHECKS=@@UNIQUE_CHECKS, UNIQUE_CHECKS=0 */;
/*!40014 SET @OLD_FOREIGN_KEY_CHECKS=@@FOREIGN_KEY_CHECKS, FOREIGN_KEY_CHECKS=0 */;
/*!40101 SET @OLD_SQL_MODE=@@SQL_MODE, SQL_MODE='NO_AUTO_VALUE_ON_ZERO' */;
/*!40111 SET @OLD_SQL_NOTES=@@SQL_NOTES, SQL_NOTES=0 */;
CREATE DATABASE /*!32312 IF NOT EXISTS*/`india_crm` /*!40100 DEFAULT CHARACTER SET utf8mb4 COLLATE utf8mb4_0900_ai_ci */ /*!80016 DEFAULT ENCRYPTION='N' */;

USE `india_crm`;

/*Table structure for table `menu_master` */

DROP TABLE IF EXISTS `menu_master`;

CREATE TABLE `menu_master` (
  `menu_id` int NOT NULL AUTO_INCREMENT,
  `menu_name` varchar(255) NOT NULL,
  `menu_file` varchar(251) DEFAULT NULL,
  `menu_dir` varchar(251) DEFAULT NULL,
  `menu_class` varchar(100) DEFAULT NULL,
  `menu_icon` varchar(100) DEFAULT NULL,
  `dashboard_icon` varchar(255) DEFAULT NULL,
  `is_active` enum('Y','N') NOT NULL DEFAULT 'Y',
  `parent_id` int NOT NULL,
  `sequence_no` tinyint DEFAULT NULL,
  `created_by` tinyint NOT NULL,
  `created_on` date NOT NULL,
  `updated_on` datetime NOT NULL,
  PRIMARY KEY (`menu_id`)
) ENGINE=MyISAM AUTO_INCREMENT=181 DEFAULT CHARSET=latin1;

/*Data for the table `menu_master` */

insert  into `menu_master`(`menu_id`,`menu_name`,`menu_file`,`menu_dir`,`menu_class`,`menu_icon`,`dashboard_icon`,`is_active`,`parent_id`,`sequence_no`,`created_by`,`created_on`,`updated_on`) values (2,'Add New Menu','menu-setup.php?default=1',NULL,'ajax-link',NULL,'glyphicon glyphicon-plus-sign','Y',14,1,0,'2021-07-14','2021-07-14 00:00:00'),(3,'List Menu','menu-list.php?default=1',NULL,'ajax-link',NULL,'glyphicon glyphicon-th-list','Y',14,2,0,'2021-07-14','2021-07-14 00:00:00'),(4,'Set Privillege','menu-priviledge.php?default=1',NULL,'ajax-link',NULL,'glyphicon glyphicon-list','Y',14,3,0,'2021-07-14','2021-07-14 00:00:00'),(14,'Settings','#',NULL,'fa fa-cogs',NULL,'glyphicon glyphicon-qrcode yellow','Y',0,13,0,'2021-07-14','2021-07-14 00:00:00'),(6,'Administrative Reports','#',NULL,'fa fa-line-chart',NULL,'glyphicon glyphicon-plus','Y',0,6,0,'2021-08-18','2021-08-18 00:00:00'),(8,'Operation Management','#',NULL,'fa fa-sitemap',NULL,'glyphicon glyphicon-plus','Y',0,4,0,'2021-07-14','2021-07-14 00:00:00'),(9,'Campaign Management','#',NULL,'fa fa-bullhorn',NULL,'glyphicon glyphicon-plus-sign','Y',0,5,0,'2021-07-14','2021-07-14 00:00:00'),(10,'User Management','#',NULL,'fa fa-user',NULL,'glyphicon glyphicon-list','Y',0,2,0,'2021-07-14','2021-07-14 00:00:00'),(12,'Lead Management','#',NULL,'fa fa-users',NULL,'glyphicon glyphicon-briefcase','Y',0,3,0,'2021-07-14','2021-07-14 00:00:00'),(1,'Dashboard','my-dashboard.php?default=1',NULL,'fa fa-tachometer',NULL,'glyphicon glyphicon-link','N',0,1,0,'2021-07-14','2021-07-14 00:00:00'),(15,'New Lead setup','lead-setup.php',NULL,'ajax-link',NULL,'glyphicon glyphicon-plus','Y',12,5,0,'2023-02-10','2023-02-10 00:00:00'),(16,'All Leads','all-leads.php?default=1',NULL,'glyphicon glyphicon-list',NULL,'glyphicon glyphicon-th-list','Y',12,1,0,'2023-02-10','2023-02-10 00:00:00'),(17,'Consumer Lead Upload','consumer-lead-upload.php',NULL,'ajax-link',NULL,'glyphicon glyphicon-th-list','Y',12,2,0,'2023-02-10','2023-02-10 00:00:00'),(18,'Cross Calling Leads','cross-calling.php?default=1',NULL,'ajax-link',NULL,'glyphicon glyphicon-th','Y',12,3,0,'2023-02-10','2023-02-10 00:00:00'),(19,'My Leads','my-leads.php?default=1',NULL,'ajax-link',NULL,'glyphicon glyphicon-list','Y',12,4,0,'2023-02-10','2023-02-10 00:00:00'),(20,'Re-assign Leads','reassign-lead.php?default=1',NULL,'ajax-link',NULL,'glyphicon glyphicon-qrcode yellow','Y',12,6,0,'2023-02-10','2023-02-10 00:00:00'),(21,'Renewal Links','renewal-links.php?default=1',NULL,'ajax-link',NULL,'glyphicons glyphicons-family','Y',12,7,0,'2023-02-10','2023-02-10 00:00:00'),(22,'Renewal List','renewal-list.php?default=1',NULL,'ajax-link',NULL,'glyphicon glyphicon-th-list','Y',12,8,0,'2023-02-10','2023-02-10 00:00:00'),(23,'Send to Bharti AXA','cron-consumer-leads-bharti.php',NULL,'ajax-link',NULL,'glyphicon glyphicon-qrcode yellow','Y',12,9,0,'2023-02-10','2023-02-10 00:00:00'),(24,'Visitor List','visitor-list.php?default=1',NULL,'ajax-link',NULL,'glyphicon glyphicon-plus-sign','Y',12,10,0,'2023-02-10','2023-02-10 00:00:00'),(29,'Users List','user-list.php?default=1',NULL,'ajax-link',NULL,'glyphicon glyphicon-list','Y',10,23,0,'2021-12-22','2021-12-22 00:00:00'),(30,'Add Associate','associate-setup.php',NULL,'ajax-link',NULL,'glyphicon glyphicon-qrcode yellow','Y',10,2,0,'2021-07-14','2021-07-14 00:00:00'),(31,'Add User','user-setup.php?default=1',NULL,'ajax-link',NULL,'glyphicon glyphicon-user blue','Y',10,3,0,'2021-12-22','2021-12-22 00:00:00'),(32,'Affiliate List','affiliate-list.php?default=1',NULL,'ajax-link',NULL,'glyphicon glyphicon-list','Y',10,4,0,'2021-12-22','2021-12-22 00:00:00'),(33,'Affiliate Setup','affiliate-setup.php',NULL,'ajax-link',NULL,'glyphicon glyphicon-user blue','Y',10,5,0,'2021-12-22','2021-12-22 00:00:00'),(34,'Affiliate Summery','affiliate-summary.php?default=1',NULL,'ajax-link',NULL,'glyphicon glyphicon-list','Y',10,6,0,'2021-12-22','2021-12-22 00:00:00'),(35,'Associate Bank Account','associate-bank-account-list.php?default=1',NULL,'ajax-link',NULL,'glyphicon glyphicon-list','Y',10,8,0,'2021-12-22','2021-12-22 00:00:00'),(36,'Associate Exam','start-exam.php?default=1',NULL,'ajax-link',NULL,'glyphicon glyphicon-cog','Y',10,9,0,'2021-07-14','2021-07-14 00:00:00'),(37,'Associate list','associate-list.php?default=1',NULL,'ajax-link',NULL,'glyphicon glyphicon-list','Y',10,10,0,'2021-08-18','2021-08-18 00:00:00'),(38,'Claimed Potential Pos','my-potential-claimed-associates.php',NULL,'ajax-link',NULL,'glyphicon glyphicon-list','Y',10,13,0,'2021-12-22','2021-12-22 00:00:00'),(39,'Customer Profile','customers.php?default=1',NULL,'ajax-link',NULL,'glyphicon glyphicon-list','Y',10,14,0,'2021-12-22','2021-12-22 00:00:00'),(40,'Inactive Associates','inactive-user-list.php?default=1',NULL,'ajax-link',NULL,'glyphicon glyphicon-list','Y',10,16,0,'2021-12-22','2021-12-22 00:00:00'),(41,'Study Material','study-material.php?default=1',NULL,'ajax-link',NULL,'glyphicon glyphicon-briefcase','Y',10,19,0,'2021-12-22','2021-12-22 00:00:00'),(42,'Unclaimed Potential POS','potential-associate-list.php',NULL,'ajax-link',NULL,'glyphicon glyphicon-th-list','Y',10,21,0,'2021-12-22','2021-12-22 00:00:00'),(43,'View Certificate','download-certificate.php?default=1',NULL,'ajax-link',NULL,'glyphicons glyphicons-invoice','Y',10,24,0,'2021-12-22','2021-12-22 00:00:00'),(44,'View Hierarchy','associate-hierarchy.php?default=1',NULL,'ajax-link',NULL,'glyphicon glyphicon-th-list','Y',10,25,0,'2021-12-22','2021-12-22 00:00:00'),(45,'Campaign List','campaign-list.php?default=1',NULL,'ajax-link',NULL,'glyphicon glyphicon-list','Y',9,4,0,'2023-02-10','2023-02-10 00:00:00'),(46,'Campaign Setup','campaign-setup.php',NULL,'ajax-link',NULL,'glyphicon glyphicon-plus','Y',9,6,0,'2023-02-10','2023-02-10 00:00:00'),(47,'Email Report','renewal-email-report.php',NULL,'ajax-link',NULL,'glyphicons glyphicons-invoice','Y',9,10,0,'2023-02-10','2023-02-10 00:00:00'),(48,'Sms Report','sms-campaign-report.php',NULL,'ajax-link',NULL,'glyphicon glyphicon-list','Y',9,11,0,'2023-02-10','2023-02-10 00:00:00'),(49,'App Notification','app-notification-setup.php',NULL,'ajax-link',NULL,'glyphicon glyphicon-plus','Y',9,2,0,'2023-02-10','2023-02-10 00:00:00'),(50,'Notification List','notification-list.php',NULL,'ajax-link',NULL,'glyphicon glyphicon-list','N',9,7,0,'2021-07-14','2021-07-14 00:00:00'),(51,'Broker code','broker-code.php',NULL,'ajax-link',NULL,'glyphicon glyphicon-th-list','Y',8,1,0,'2023-02-10','2023-02-10 00:00:00'),(52,'Endorsement Process','policy-to-be-endorsed.php',NULL,'ajax-link',NULL,'glyphicon glyphicon-th-list','Y',8,3,0,'2023-02-10','2023-02-10 00:00:00'),(53,'GIBL Payment Received Setup','gibl-payment-list.php?default=1',NULL,'ajax-link',NULL,'glyphicon glyphicon-list','Y',6,5,0,'2023-10-07','2023-10-07 00:00:00'),(54,'GPS Track','trip-list.php?default=1',NULL,'ajax-link',NULL,'glyphicon glyphicon-list','Y',8,6,0,'2023-02-10','2023-02-10 00:00:00'),(55,'Insurance Company Portal','insurer-portal-login-links.php?default=1',NULL,'ajax-link',NULL,'glyphicon glyphicon-list','Y',8,7,0,'2023-02-10','2023-02-10 00:00:00'),(56,'Office expenses','office-expence-list.php?default=1',NULL,'ajax-link',NULL,'glyphicon glyphicon-list','Y',6,9,0,'2023-10-07','2023-10-07 00:00:00'),(57,'Outsource visitor','outsource-visitor-list.php',NULL,'ajax-link',NULL,'glyphicon glyphicon-list','Y',8,10,0,'2023-02-10','2023-02-10 00:00:00'),(58,'Policy Issue Pending','policy-issue-report.php',NULL,'ajax-link',NULL,'glyphicon glyphicon-list','Y',8,11,0,'2023-02-10','2023-02-10 00:00:00'),(59,'Policy Payment Issuance','gibl-payment-issue-list.php?default=1',NULL,'ajax-link',NULL,'glyphicon glyphicon-th-list','Y',8,12,0,'2023-02-10','2023-02-10 00:00:00'),(60,'Policy to be Issued','policy-to-be-issued.php?default=1',NULL,'ajax-link',NULL,'glyphicon glyphicon-list','Y',8,13,0,'2023-02-10','2023-02-10 00:00:00'),(61,'Quotation Sent','quotation-sent.php?default=1',NULL,'ajax-link',NULL,'glyphicon glyphicon-list','Y',8,15,0,'2023-02-10','2023-02-10 00:00:00'),(62,'Refund Process','cheque-refund-list.php?default=1',NULL,'ajax-link',NULL,'glyphicon glyphicon-list','Y',8,16,0,'2023-02-10','2023-02-10 00:00:00'),(63,'Rejection Report','rejection-report.php?default=1',NULL,'ajax-link',NULL,'glyphicon glyphicon-list','Y',124,7,0,'2023-02-13','2023-02-13 00:00:00'),(64,'Telecaller Activity Report','telecaller-activity-report.php?default=1',NULL,'ajax-link',NULL,'glyphicon glyphicon-list','Y',124,8,0,'2023-02-13','2023-02-13 00:00:00'),(65,'Visitor Report','visitor-report.php?default=1',NULL,'ajax-link',NULL,'glyphicon glyphicon-list','Y',124,9,0,'2023-02-13','2023-02-13 00:00:00'),(69,'Access Users','telecaller-select.php?default=1',NULL,'ajax-link',NULL,'glyphicon glyphicon-list','Y',6,1,0,'2021-07-14','2021-07-14 00:00:00'),(70,'Affiliate Summery Report','#',NULL,'ajax-link',NULL,'glyphicon glyphicon-th-list','N',123,2,0,'2021-08-18','2021-08-18 00:00:00'),(71,'Button Track Report','button-track-report.php?default=1',NULL,'ajax-link',NULL,'glyphicon glyphicon-list','Y',6,3,0,'2023-02-10','2023-02-10 00:00:00'),(72,'Call Report','lookup-report.php?default=1',NULL,'ajax-link',NULL,'glyphicon glyphicon-list','Y',124,1,0,'2023-02-13','2023-02-13 00:00:00'),(73,'Call Report(tele caller)','call-by-telecaller.php?default=1',NULL,'ajax-link',NULL,'glyphicon glyphicon-list','Y',124,2,0,'2023-02-13','2023-02-13 00:00:00'),(74,'Claim Report','lead-claim-report.php?default=1',NULL,'ajax-link',NULL,'glyphicon glyphicon-th-list','Y',124,3,0,'2023-02-13','2023-02-13 00:00:00'),(75,'Corona Sales','corona-feed-report.php?default=1',NULL,'ajax-link',NULL,'glyphicon glyphicon-list','Y',123,1,0,'2021-08-18','2021-08-18 00:00:00'),(76,'Daily Sales Report','sales-by-date.php?default=1',NULL,'ajax-link',NULL,'glyphicon glyphicon-list','Y',123,2,0,'2023-02-13','2023-02-13 00:00:00'),(77,'Followup Comment','folllowup-comment.php?default=1',NULL,'ajax-link',NULL,'glyphicon glyphicon-list','Y',124,4,0,'2023-02-13','2023-02-13 00:00:00'),(78,'Future followup List','next-followup-list.php?default=1',NULL,'ajax-link',NULL,'glyphicon glyphicon-list','Y',124,5,0,'2023-02-13','2023-02-13 00:00:00'),(79,'Gibl Earning & Pos payout report','gibl-earning-and-pos-payout-report.php?default=1',NULL,'ajax-link',NULL,'glyphicon glyphicon-list','Y',6,4,0,'2023-02-10','2023-02-10 00:00:00'),(80,'Inhouse Support Ticketing','crm-ticket-redirect.php',NULL,'ajax-link',NULL,'glyphicon glyphicon-phone-alt','Y',121,4,0,'2023-02-10','2023-02-10 00:00:00'),(81,'Miscellaneous Report','crm-diff-report.php?default=1',NULL,'ajax-link',NULL,'glyphicon glyphicon-list','Y',121,5,0,'2023-02-10','2023-02-10 00:00:00'),(82,'My Sales','my-sales.php?default=1',NULL,'ajax-link',NULL,'glyphicon glyphicon-list','Y',123,4,0,'2023-02-13','2023-02-13 00:00:00'),(83,'My Support Tickets','support-ticket-list.php?default=1',NULL,'ajax-link',NULL,'glyphicon glyphicon-th-list','Y',121,6,0,'2023-02-10','2023-02-10 00:00:00'),(84,'Pitch Summary','pitch-activity-report.php?default=1',NULL,'ajax-link',NULL,'glyphicon glyphicon-link','Y',124,6,0,'2023-02-13','2023-02-13 00:00:00'),(85,'Pos Count','pos-count.php?default=1',NULL,'ajax-link',NULL,'glyphicon glyphicon-list','Y',6,6,0,'2023-02-10','2023-02-10 00:00:00'),(86,'POS Payment History','associate-payment-history.php?default=1',NULL,'ajax-link',NULL,'glyphicon glyphicon-list','Y',6,7,0,'2023-02-10','2023-02-10 00:00:00'),(87,'Quote vs Sale Comparison','quote-vs-sale.php?default=1',NULL,'ajax-link',NULL,'glyphicon glyphicon-list','Y',121,9,0,'2023-02-10','2023-02-10 00:00:00'),(88,'Renewal MIS Report','sale-mis-report-renewal.php?default=1',NULL,'ajax-link',NULL,'glyphicon glyphicon-list','Y',123,5,0,'2023-02-13','2023-02-13 00:00:00'),(89,'Renewal Report','renewal-report.php?default=1',NULL,'ajax-link',NULL,'glyphicon glyphicon-th-list','Y',123,6,0,'2023-02-13','2023-02-13 00:00:00'),(90,'Sale Amount','sale-mis-report-user-group.php',NULL,'ajax-link',NULL,'glyphicon glyphicon-list','Y',123,7,0,'2023-02-13','2023-02-13 00:00:00'),(91,'Sale by Associate','associate-sale-report.php?default=1',NULL,'ajax-link',NULL,'glyphicon glyphicon-list','Y',123,8,0,'2023-02-13','2023-02-13 00:00:00'),(92,'Sale by City','sale-report-by-city.php',NULL,'ajax-link',NULL,'glyphicon glyphicon-list','Y',123,9,0,'2023-02-13','2023-02-13 00:00:00'),(93,'Sale by Source','sales-by-medium.php',NULL,'ajax-link',NULL,'glyphicon glyphicon-list','Y',123,10,0,'2023-02-13','2023-02-13 00:00:00'),(94,'Sale Mis Report','sale-mis-report.php?default=1',NULL,'ajax-link',NULL,'glyphicon glyphicon-th-list','Y',123,11,0,'2023-02-13','2023-02-13 00:00:00'),(95,'Sale Status Report','sales-status-report.php?default=1',NULL,'ajax-link',NULL,'glyphicon glyphicon-list','Y',123,12,0,'2023-02-13','2023-02-13 00:00:00'),(96,'Sales Fiscal','sale-mis-report-user-group-fiscal.php',NULL,'ajax-link',NULL,'glyphicon glyphicon-list','Y',123,13,0,'2023-02-13','2023-02-13 00:00:00'),(97,'Sales Summary','sale-summary-report.php?default=1',NULL,'ajax-link',NULL,'glyphicon glyphicon-list','Y',123,14,0,'2023-02-13','2023-02-13 00:00:00'),(98,'Ticketing Report','ticket-report.php?default=1',NULL,'ajax-link',NULL,'glyphicon glyphicon-list','Y',121,10,0,'2023-02-10','2023-02-10 00:00:00'),(99,'Visitors Count','visitors-count.php?default=1',NULL,'ajax-link',NULL,'glyphicon glyphicon-list','Y',124,10,0,'2023-02-13','2023-02-13 00:00:00'),(111,'Quotation Requests','quotation-requests.php?default=1',NULL,'ajax-link',NULL,'glyphicon glyphicon-list','Y',8,14,0,'2023-02-10','2023-02-10 00:00:00'),(112,'My POS Sales','my-agent-sales.php?default=1',NULL,'ajax-link',NULL,'glyphicon glyphicon-list','Y',123,3,0,'2023-02-13','2023-02-13 00:00:00'),(113,'My POS Leads','my-agent-leads.php?default=1',NULL,'ajax-link',NULL,'glyphicon glyphicon-list','Y',6,5,0,'2023-02-10','2023-02-10 00:00:00'),(114,'Associate List (RM)','rm-associate-list.php?default=1',NULL,'ajax-link',NULL,'glyphicon glyphicon-list','Y',10,11,0,'2021-12-22','2021-12-22 00:00:00'),(115,'GIBL Meet','meeting-list.php',NULL,'ajax-link',NULL,'glyphicon glyphicon-list','Y',8,4,0,'2023-02-10','2023-02-10 00:00:00'),(118,'Extra','#',NULL,'glyphicon glyphicon-plus',NULL,'glyphicon glyphicon-hourglass','N',0,1,0,'2021-08-04','2021-08-04 00:00:00'),(119,'CRM Banner Upload','crm-banner-upload.php',NULL,'ajax-link',NULL,'glyphicon glyphicon-hourglass','Y',14,4,0,'2021-08-04','2021-08-04 00:00:00'),(121,'Operational Reports','#',NULL,'fa fa-pie-chart',NULL,'glyphicon glyphicon-qrcode yellow','Y',0,7,0,'2021-08-04','2021-08-04 00:00:00'),(123,'Sales Reports','#',NULL,'fa fa-inr',NULL,'glyphicon glyphicon-qrcode yellow','Y',0,11,0,'2021-08-18','2021-08-18 00:00:00'),(122,'Edit POS Commission','mis-commison-listing.php',NULL,'ajax-link',NULL,'glyphicon glyphicon-qrcode yellow','Y',6,3,0,'2023-10-07','2023-10-07 00:00:00'),(124,'Tele-Callers Reports','#',NULL,'fa fa-phone',NULL,'glyphicon glyphicon-qrcode yellow','Y',0,12,0,'2021-08-18','2021-08-18 00:00:00'),(126,'Email Campaign Management','campaign-management-list.php',NULL,'ajax-link',NULL,'glyphicon glyphicon-qrcode yellow','Y',9,9,0,'2023-02-10','2023-02-10 00:00:00'),(127,'Quote Premium List','quote-premium-compare-list.php?default=1',NULL,'ajax-link',NULL,'glyphicon glyphicon-qrcode yellow','Y',121,8,0,'2023-02-10','2023-02-10 00:00:00'),(128,'Total Payment By Date','diff-payment-list.php',NULL,'ajax-link',NULL,'glyphicon glyphicon-qrcode yellow','Y',121,11,0,'2023-02-10','2023-02-10 00:00:00'),(131,'Contest Management','contest-management-list.php',NULL,'ajax-link',NULL,'glyphicon glyphicon-qrcode yellow','Y',121,1,0,'2023-02-10','2023-02-10 00:00:00'),(132,'Offer Management','offer-management-list.php',NULL,'ajax-link',NULL,'glyphicon glyphicon-qrcode yellow','Y',121,7,0,'2023-02-10','2023-02-10 00:00:00'),(134,'Club Membership Management','club-membership-management.php',NULL,'ajax-link',NULL,'glyphicon glyphicon-qrcode yellow','Y',9,7,0,'2023-02-10','2023-02-10 00:00:00'),(135,'Vendor setup','vendor-setup.php?default=1',NULL,'ajax-link',NULL,'glyphicon glyphicon-qrcode yellow','Y',6,18,0,'2023-10-07','2023-10-07 00:00:00'),(136,'Vendor Lists','vendor-list.php?default=1',NULL,'ajax-link',NULL,'glyphicon glyphicon-qrcode yellow','Y',6,17,0,'2023-10-07','2023-10-07 00:00:00'),(137,'Add Kra','add-krp.php',NULL,'ajax-link',NULL,'glyphicon glyphicon-qrcode yellow','Y',10,2,0,'2021-12-22','2021-12-22 00:00:00'),(138,'Department Management','add-depertment.php',NULL,'ajax-link',NULL,'glyphicon glyphicon-qrcode yellow','Y',10,15,0,'2021-12-22','2021-12-22 00:00:00'),(139,'Reassign Pos Claim','reassign-associate.php?default=1',NULL,'ajax-link',NULL,'glyphicon glyphicon-qrcode yellow','Y',10,18,0,'2022-08-23','2022-08-23 00:00:00'),(143,'Unclaimed Customers List','customers-unclaimed.php',NULL,'ajax-link',NULL,'glyphicon glyphicon-qrcode yellow','Y',10,20,0,'2021-12-22','2021-12-22 00:00:00'),(144,'Claimed Customers List','customers-claimed.php',NULL,'ajax-link',NULL,'glyphicon glyphicon-qrcode yellow','Y',10,13,0,'2021-12-22','2021-12-22 00:00:00'),(149,'POS Payout Grid','#',NULL,'ajax-link',NULL,'glyphicon glyphicon-qrcode yellow','N',8,1,0,'2022-02-15','2022-02-15 00:00:00'),(150,'Download Pa Insurance Details','download-pa-insurance-details.php',NULL,'ajax-link',NULL,'glyphicon glyphicon-qrcode yellow','Y',121,2,0,'2023-02-10','2023-02-10 00:00:00'),(151,'Contacted Agents','contact-agent-details.php',NULL,'ajax-link',NULL,'glyphicon glyphicon-qrcode yellow','Y',8,2,0,'2023-02-10','2023-02-10 00:00:00'),(152,'App Notification Report','notification-report.php',NULL,'ajax-link',NULL,'glyphicon glyphicon-qrcode yellow','Y',9,3,0,'2023-02-10','2023-02-10 00:00:00'),(153,'Add Facebook General Settings','facebook_general_settings.php',NULL,'ajax-link',NULL,'glyphicon glyphicon-qrcode yellow','Y',9,1,0,'2023-02-10','2023-02-10 00:00:00'),(154,' Create Whatsapp Message Template','create_whatsapp_message_template.php',NULL,'ajax-link',NULL,'glyphicon glyphicon-qrcode yellow','Y',9,8,0,'2023-02-10','2023-02-10 00:00:00'),(156,'Whatsapp Message Send Reports','whatsapp_message_send_reports.php',NULL,'ajax-link',NULL,'glyphicon glyphicon-qrcode yellow','Y',9,14,0,'2023-02-10','2023-02-10 00:00:00'),(157,'Whatsapp Message Template List','whatsapp_message_template_list.php',NULL,'ajax-link',NULL,'glyphicon glyphicon-qrcode yellow','Y',9,14,0,'2023-02-10','2023-02-10 00:00:00'),(159,'Web Push Notification','web_push_notification_send.php',NULL,'ajax-link',NULL,'glyphicon glyphicon-qrcode yellow','Y',9,12,0,'2023-02-10','2023-02-10 00:00:00'),(160,'Web Push Notification Report','web_push_notification_report.php',NULL,'ajax-link',NULL,'glyphicon glyphicon-qrcode yellow','Y',9,13,0,'2023-02-10','2023-02-10 00:00:00'),(161,'Insurer List','insurer-lists.php',NULL,'ajax-link',NULL,'glyphicon glyphicon-qrcode yellow','Y',8,8,0,'2023-02-10','2023-02-10 00:00:00'),(162,'WhatsApp Share (App)','app_whatsapp_campaign/index.php',NULL,'ajax-link',NULL,'glyphicon glyphicon-qrcode yellow','Y',14,1,0,'2022-09-26','2022-09-26 00:00:00'),(163,'App Banner','app_banner/index.php',NULL,'ajax-link',NULL,'glyphicon glyphicon-qrcode yellow','Y',14,1,0,'2022-09-26','2022-09-26 00:00:00'),(164,'Campaign Report','campaigh-report-pno.php',NULL,'ajax-link',NULL,'glyphicon glyphicon-qrcode yellow','Y',9,5,0,'2023-02-10','2023-02-10 00:00:00'),(165,'Attendence Report','attendence-report.php',NULL,'ajax-link',NULL,'glyphicon glyphicon-qrcode yellow','Y',6,2,0,'2023-02-10','2023-02-10 00:00:00'),(168,'exam result autogenerate','exam-result-autogenerate.php',NULL,'ajax-link',NULL,'glyphicon glyphicon-qrcode yellow','Y',14,6,0,'2023-02-17','2023-02-17 00:00:00'),(169,'Invoice Edit','invoice-edit.php',NULL,'ajax-link',NULL,'glyphicon glyphicon-qrcode yellow','Y',6,1,0,'2023-02-22','2023-02-22 00:00:00'),(170,'Invoice Download','invoice-download.php',NULL,'ajax-link',NULL,'glyphicon glyphicon-qrcode yellow','Y',6,1,0,'2023-02-22','2023-02-22 00:00:00'),(171,'Campaign List Eceltic','campaign-management-list-eceltic.php',NULL,'ajax-link',NULL,'glyphicon glyphicon-qrcode yellow','Y',9,1,0,'2023-03-20','2023-03-20 00:00:00'),(173,'Manual Sms/Email Service','manual-sms-email-service.php',NULL,'ajax-link',NULL,'glyphicon glyphicon-qrcode yellow','Y',14,5,0,'2023-04-11','2023-04-11 00:00:00'),(174,'Cross Sell(non referred)','non-cross-calling.php?default=0',NULL,'ajax-link',NULL,'glyphicon glyphicon-qrcode yellow','Y',12,3,0,'2023-04-18','2023-04-18 00:00:00'),(177,'Group Mediclaim Policies','master-policy-details2.php',NULL,'ajax-link',NULL,'glyphicon glyphicon-qrcode yellow','Y',6,1,0,'2023-09-25','2023-09-25 00:00:00'),(178,'Irdai Report','irdai-report.php',NULL,'ajax-link',NULL,'glyphicon glyphicon-qrcode yellow','Y',6,11,0,'2023-10-03','2023-10-03 00:00:00');

/*Table structure for table `role_master` */

DROP TABLE IF EXISTS `role_master`;

CREATE TABLE `role_master` (
  `role_id` tinyint NOT NULL AUTO_INCREMENT,
  `role_type` tinyint NOT NULL DEFAULT '0',
  `role_code` varchar(50) NOT NULL,
  `role_name` varchar(255) NOT NULL,
  `sequence_no` tinyint DEFAULT NULL,
  `is_active` enum('Y','N') NOT NULL DEFAULT 'Y',
  `created_by` tinyint NOT NULL,
  `created_on` date NOT NULL,
  `updated_on` datetime NOT NULL,
  PRIMARY KEY (`role_id`)
) ENGINE=MyISAM AUTO_INCREMENT=40 DEFAULT CHARSET=latin1;

/*Data for the table `role_master` */

insert  into `role_master`(`role_id`,`role_type`,`role_code`,`role_name`,`sequence_no`,`is_active`,`created_by`,`created_on`,`updated_on`) values (1,1,'SUPERADMIN','SUPER ADMIN',1,'Y',1,'2015-05-20','2015-05-20 01:08:18'),(2,2,'SUPERVISOR','SUPERVISOR',2,'N',1,'2015-05-20','2015-05-20 01:08:18'),(3,3,'SPECIAL-LOGIN','SPECIAL LOGIN',3,'Y',1,'2015-05-20','2015-05-20 03:24:24'),(4,4,'TELE-CALLER','TELE CALLER',4,'Y',1,'2015-05-20','2015-05-20 15:42:47'),(5,5,'DATA-ENTRY','DATA ENTRY',5,'Y',1,'2015-05-20','2015-05-20 15:42:47'),(6,6,'SEO-EXECUTIVE','SEO EXECUTIVE',6,'Y',1,'2015-05-26','2015-05-26 10:29:29'),(7,7,'AFFILIATE','AFFILIATE',7,'Y',1,'2015-05-26','2015-05-26 09:30:31'),(8,8,'ASSOCIATE','ASSOCIATE',8,'Y',1,'2015-05-26','2015-05-26 09:27:31'),(9,9,'GIBL-DESKTOP','GIBL DESKTOP',9,'Y',1,'2015-05-26','2015-05-26 08:24:25'),(10,10,'CONSUMER','CONSUMER',10,'Y',1,'0000-00-00','0000-00-00 00:00:00'),(11,11,'DIRECT-SALE','DIRECT SALE',11,'Y',1,'2017-04-07','2017-04-07 00:00:00'),(12,12,'AFFILIATE-CUM-ASSOCIATE','AFFILIATE CUM ASSOCIATE',12,'Y',1,'2018-10-23','2018-10-23 15:50:21'),(13,13,'RENEWAL-CALLER','RENEWAL CALLER',13,'Y',1,'2018-12-05','0000-00-00 00:00:00'),(14,14,'GIBL-TRAINER','GIBL TRAINER',14,'Y',1,'2019-02-26','2019-02-26 18:57:58'),(15,15,'DIGITAL-CAMPAIGN','DIGITAL-CAMPAIGN',15,'Y',1,'2019-04-16','2019-04-16 12:39:42'),(16,16,'QRCODE-SHOP','QRCODE-SHOP',16,'Y',1,'2019-05-17','2019-05-17 12:55:25'),(17,17,'GIBL-ORPHAN','GIBL-ORPHAN',17,'Y',1,'2019-05-24','2019-05-24 18:35:39'),(18,18,'GIBL-CUSTOMER','GIBL-CUSTOMER',18,'Y',1,'2019-05-29','2019-05-29 12:32:12'),(19,19,'WALLET-MASTER','WALLET-MASTER',19,'Y',1,'2019-09-20','2019-09-20 11:33:11'),(20,20,'WALLET-RETAILER','WALLET-RETAILER',20,'Y',1,'2019-09-20','2019-09-20 11:33:11'),(21,21,'BDE-INHOUSE','BDE INHOUSE',21,'Y',1,'2019-11-19','2019-11-19 13:01:51'),(22,22,'BDM-INHOUSE','BDM_INHOUSE',22,'Y',1,'2019-11-19','2019-11-19 13:01:56'),(23,23,'EMERGING-MARKET','EMERGING-MARKET',23,'Y',1,'2019-12-06','2019-12-06 16:59:08'),(24,24,'OUTSOURCE-TELECALLER','OUTSOURCE TELECALLER',24,'Y',1,'2019-12-18','2019-12-18 14:57:41'),(25,25,'INSURANCE-DEALER','INSURANCE DEALER',25,'Y',1,'2020-02-03','2020-02-03 18:57:07'),(26,26,'GIBL-CHAT','GIBL-CHAT',26,'Y',1,'2020-02-03','2020-02-03 18:57:10'),(27,27,'SENIOR-MANAGEMENT','SENIOR-MANAGEMENT',27,'Y',1,'2020-09-07','2020-09-07 12:50:53'),(28,28,'OPERATION-EXECUTIVE','OPERATION-EXECUTIVE',28,'Y',1,'2020-09-28','2020-09-28 02:53:40'),(29,29,'PLAYER','PLAYER',29,'Y',1,'2020-09-28','2020-12-28 09:34:54'),(30,30,'FOLLOWUP-PARTNER','FOLLOWUP-PARTNER',30,'Y',1,'2021-01-04','2021-01-04 09:34:44'),(31,31,'TEAM-LEAD','TEAM LEAD',31,'Y',1,'2021-01-16','2021-01-16 16:13:55'),(32,32,'VERIFICATION-CALLER','VERIFICATION CALLER',32,'Y',1,'2021-04-07','2021-04-07 15:18:35'),(33,33,'RETAILER-FOLLOWUP','RETAILER FOLLOWUP',33,'Y',0,'0000-00-00','0000-00-00 00:00:00'),(34,34,'CYP-USER','CYP-USER',34,'N',1,'2021-04-30','0000-00-00 00:00:00'),(35,35,'BUSINESS-VP','BUSINESS VP',35,'Y',1,'2021-06-03','2021-06-03 16:26:03'),(36,36,'PLATFORM-USER','PLATFORM USER',36,'Y',1,'2021-07-12','2021-07-12 15:17:46'),(37,37,'VLE-POS','VLE-POS',37,'Y',1,'2021-07-19','2021-07-12 15:17:46'),(38,38,'HR','HR',38,'Y',0,'2021-12-23','2021-12-23 15:28:48'),(39,39,'INVESTOR','INVESTOR',39,'Y',0,'2022-03-21','0000-00-00 00:00:00');

/*Table structure for table `role_privs` */

DROP TABLE IF EXISTS `role_privs`;

CREATE TABLE `role_privs` (
  `priv_id` int NOT NULL AUTO_INCREMENT,
  `role_id` smallint NOT NULL,
  `menu_id` smallint NOT NULL,
  `is_active` enum('Y','N') NOT NULL DEFAULT 'Y',
  `created_on` datetime NOT NULL,
  PRIMARY KEY (`priv_id`)
) ENGINE=InnoDB AUTO_INCREMENT=22739 DEFAULT CHARSET=latin1;

/*Data for the table `role_privs` */

insert  into `role_privs`(`priv_id`,`role_id`,`menu_id`,`is_active`,`created_on`) values (3323,34,6,'Y','2021-08-04 00:00:00'),(3324,34,10,'Y','2021-08-04 00:00:00'),(3327,34,12,'Y','2021-08-04 00:00:00'),(3328,34,15,'Y','2021-08-04 00:00:00'),(3329,34,16,'Y','2021-08-04 00:00:00'),(3330,34,19,'Y','2021-08-04 00:00:00'),(3331,34,24,'Y','2021-08-04 00:00:00'),(3333,34,82,'Y','2021-08-04 00:00:00'),(3334,34,94,'Y','2021-08-04 00:00:00'),(3335,34,97,'Y','2021-08-04 00:00:00'),(11876,31,8,'Y','2021-12-23 00:00:00'),(11877,31,60,'Y','2021-12-23 00:00:00'),(11878,31,62,'Y','2021-12-23 00:00:00'),(11879,31,111,'Y','2021-12-23 00:00:00'),(11880,31,10,'Y','2021-12-23 00:00:00'),(11881,31,30,'Y','2021-12-23 00:00:00'),(11882,31,38,'Y','2021-12-23 00:00:00'),(11883,31,40,'Y','2021-12-23 00:00:00'),(11884,31,42,'Y','2021-12-23 00:00:00'),(11885,31,44,'Y','2021-12-23 00:00:00'),(11888,31,12,'Y','2021-12-23 00:00:00'),(11889,31,15,'Y','2021-12-23 00:00:00'),(11890,31,16,'Y','2021-12-23 00:00:00'),(11892,31,19,'Y','2021-12-23 00:00:00'),(11893,31,20,'Y','2021-12-23 00:00:00'),(11895,31,22,'Y','2021-12-23 00:00:00'),(11896,31,24,'Y','2021-12-23 00:00:00'),(11899,31,83,'Y','2021-12-23 00:00:00'),(11902,31,82,'Y','2021-12-23 00:00:00'),(11903,31,88,'Y','2021-12-23 00:00:00'),(11904,31,97,'Y','2021-12-23 00:00:00'),(11906,31,63,'Y','2021-12-23 00:00:00'),(11907,31,64,'Y','2021-12-23 00:00:00'),(11908,31,72,'Y','2021-12-23 00:00:00'),(11910,31,74,'Y','2021-12-23 00:00:00'),(11911,31,77,'Y','2021-12-23 00:00:00'),(12053,37,6,'Y','2021-12-23 00:00:00'),(12054,37,113,'Y','2021-12-23 00:00:00'),(12055,37,10,'Y','2021-12-23 00:00:00'),(12056,37,30,'Y','2021-12-23 00:00:00'),(12057,37,36,'Y','2021-12-23 00:00:00'),(12058,37,37,'Y','2021-12-23 00:00:00'),(12059,37,38,'Y','2021-12-23 00:00:00'),(12060,37,41,'Y','2021-12-23 00:00:00'),(12061,37,43,'Y','2021-12-23 00:00:00'),(12062,37,44,'Y','2021-12-23 00:00:00'),(12063,37,12,'Y','2021-12-23 00:00:00'),(12064,37,15,'Y','2021-12-23 00:00:00'),(12065,37,19,'Y','2021-12-23 00:00:00'),(12067,37,83,'Y','2021-12-23 00:00:00'),(12069,37,82,'Y','2021-12-23 00:00:00'),(12070,37,97,'Y','2021-12-23 00:00:00'),(12071,37,112,'Y','2021-12-23 00:00:00'),(12484,5,6,'Y','2021-12-24 00:00:00'),(12485,5,8,'Y','2021-12-24 00:00:00'),(12489,5,12,'Y','2021-12-24 00:00:00'),(12490,5,15,'Y','2021-12-24 00:00:00'),(12491,5,19,'Y','2021-12-24 00:00:00'),(12493,5,22,'Y','2021-12-24 00:00:00'),(12496,5,83,'Y','2021-12-24 00:00:00'),(12517,7,6,'Y','2021-12-24 00:00:00'),(12518,7,113,'Y','2021-12-24 00:00:00'),(12519,7,8,'Y','2021-12-24 00:00:00'),(12521,7,10,'Y','2021-12-24 00:00:00'),(12522,7,30,'Y','2021-12-24 00:00:00'),(12523,7,36,'Y','2021-12-24 00:00:00'),(12524,7,37,'Y','2021-12-24 00:00:00'),(12525,7,41,'Y','2021-12-24 00:00:00'),(12526,7,43,'Y','2021-12-24 00:00:00'),(12527,7,44,'Y','2021-12-24 00:00:00'),(12528,7,12,'Y','2021-12-24 00:00:00'),(12529,7,15,'Y','2021-12-24 00:00:00'),(12530,7,19,'Y','2021-12-24 00:00:00'),(12532,7,83,'Y','2021-12-24 00:00:00'),(12558,9,8,'Y','2021-12-24 00:00:00'),(12560,10,8,'Y','2021-12-24 00:00:00'),(12562,11,8,'Y','2021-12-24 00:00:00'),(12587,13,6,'Y','2021-12-24 00:00:00'),(12588,13,8,'Y','2021-12-24 00:00:00'),(12590,13,12,'Y','2021-12-24 00:00:00'),(12591,13,15,'Y','2021-12-24 00:00:00'),(12592,13,19,'Y','2021-12-24 00:00:00'),(12593,13,22,'Y','2021-12-24 00:00:00'),(12594,13,24,'Y','2021-12-24 00:00:00'),(12596,13,83,'Y','2021-12-24 00:00:00'),(12599,13,78,'Y','2021-12-24 00:00:00'),(12603,14,6,'Y','2021-12-24 00:00:00'),(12604,14,8,'Y','2021-12-24 00:00:00'),(12608,14,72,'Y','2021-12-24 00:00:00'),(12611,15,8,'Y','2021-12-24 00:00:00'),(12613,16,6,'Y','2021-12-24 00:00:00'),(12614,16,8,'Y','2021-12-24 00:00:00'),(12616,16,12,'Y','2021-12-24 00:00:00'),(12617,16,15,'Y','2021-12-24 00:00:00'),(12618,16,19,'Y','2021-12-24 00:00:00'),(12620,17,8,'Y','2021-12-24 00:00:00'),(12622,18,8,'Y','2021-12-24 00:00:00'),(12641,20,6,'Y','2021-12-24 00:00:00'),(12642,20,8,'Y','2021-12-24 00:00:00'),(12644,20,10,'Y','2021-12-24 00:00:00'),(12645,20,30,'Y','2021-12-24 00:00:00'),(12646,20,37,'Y','2021-12-24 00:00:00'),(12647,20,44,'Y','2021-12-24 00:00:00'),(12648,20,12,'Y','2021-12-24 00:00:00'),(12649,20,15,'Y','2021-12-24 00:00:00'),(12650,20,19,'Y','2021-12-24 00:00:00'),(12653,20,82,'Y','2021-12-24 00:00:00'),(12654,20,97,'Y','2021-12-24 00:00:00'),(12759,23,8,'Y','2021-12-24 00:00:00'),(12764,24,8,'Y','2021-12-24 00:00:00'),(12767,24,12,'Y','2021-12-24 00:00:00'),(12768,24,19,'Y','2021-12-24 00:00:00'),(12769,25,8,'Y','2021-12-24 00:00:00'),(12771,26,8,'Y','2021-12-24 00:00:00'),(12842,29,8,'Y','2021-12-24 00:00:00'),(12849,30,8,'Y','2021-12-24 00:00:00'),(12851,32,6,'Y','2021-12-24 00:00:00'),(12852,32,8,'Y','2021-12-24 00:00:00'),(12853,32,62,'Y','2021-12-24 00:00:00'),(12854,32,111,'Y','2021-12-24 00:00:00'),(12856,32,10,'Y','2021-12-24 00:00:00'),(12857,32,30,'Y','2021-12-24 00:00:00'),(12858,32,38,'Y','2021-12-24 00:00:00'),(12859,32,40,'Y','2021-12-24 00:00:00'),(12860,32,42,'Y','2021-12-24 00:00:00'),(12861,32,44,'Y','2021-12-24 00:00:00'),(12864,32,12,'Y','2021-12-24 00:00:00'),(12865,32,15,'Y','2021-12-24 00:00:00'),(12866,32,16,'Y','2021-12-24 00:00:00'),(12868,32,19,'Y','2021-12-24 00:00:00'),(12870,32,22,'Y','2021-12-24 00:00:00'),(12871,32,24,'Y','2021-12-24 00:00:00'),(12874,32,83,'Y','2021-12-24 00:00:00'),(12876,32,94,'Y','2021-12-24 00:00:00'),(12882,33,6,'Y','2021-12-24 00:00:00'),(12883,33,8,'Y','2021-12-24 00:00:00'),(12884,33,62,'Y','2021-12-24 00:00:00'),(12885,33,111,'Y','2021-12-24 00:00:00'),(12887,33,10,'Y','2021-12-24 00:00:00'),(12888,33,30,'Y','2021-12-24 00:00:00'),(12889,33,38,'Y','2021-12-24 00:00:00'),(12890,33,40,'Y','2021-12-24 00:00:00'),(12891,33,42,'Y','2021-12-24 00:00:00'),(12892,33,44,'Y','2021-12-24 00:00:00'),(12895,33,12,'Y','2021-12-24 00:00:00'),(12896,33,15,'Y','2021-12-24 00:00:00'),(12897,33,19,'Y','2021-12-24 00:00:00'),(12899,33,22,'Y','2021-12-24 00:00:00'),(12900,33,24,'Y','2021-12-24 00:00:00'),(12903,33,83,'Y','2021-12-24 00:00:00'),(12909,35,6,'Y','2021-12-24 00:00:00'),(12910,35,69,'Y','2021-12-24 00:00:00'),(12912,35,79,'Y','2021-12-24 00:00:00'),(12914,35,86,'Y','2021-12-24 00:00:00'),(12915,35,113,'Y','2021-12-24 00:00:00'),(12916,35,8,'Y','2021-12-24 00:00:00'),(12918,35,62,'Y','2021-12-24 00:00:00'),(12919,35,111,'Y','2021-12-24 00:00:00'),(12921,35,9,'Y','2021-12-24 00:00:00'),(12922,35,45,'Y','2021-12-24 00:00:00'),(12923,35,46,'Y','2021-12-24 00:00:00'),(12926,35,49,'Y','2021-12-24 00:00:00'),(12928,35,10,'Y','2021-12-24 00:00:00'),(12930,35,30,'Y','2021-12-24 00:00:00'),(12932,35,36,'Y','2021-12-24 00:00:00'),(12933,35,37,'Y','2021-12-24 00:00:00'),(12934,35,38,'Y','2021-12-24 00:00:00'),(12935,35,40,'Y','2021-12-24 00:00:00'),(12936,35,41,'Y','2021-12-24 00:00:00'),(12937,35,42,'Y','2021-12-24 00:00:00'),(12938,35,43,'Y','2021-12-24 00:00:00'),(12939,35,44,'Y','2021-12-24 00:00:00'),(12940,35,114,'Y','2021-12-24 00:00:00'),(12948,35,12,'Y','2021-12-24 00:00:00'),(12949,35,15,'Y','2021-12-24 00:00:00'),(12951,35,19,'Y','2021-12-24 00:00:00'),(12952,35,20,'Y','2021-12-24 00:00:00'),(12954,35,22,'Y','2021-12-24 00:00:00'),(12955,35,24,'Y','2021-12-24 00:00:00'),(12958,35,81,'Y','2021-12-24 00:00:00'),(12959,35,83,'Y','2021-12-24 00:00:00'),(12960,35,98,'Y','2021-12-24 00:00:00'),(12963,35,76,'Y','2021-12-24 00:00:00'),(12964,35,82,'Y','2021-12-24 00:00:00'),(12965,35,88,'Y','2021-12-24 00:00:00'),(12966,35,89,'Y','2021-12-24 00:00:00'),(12971,35,94,'Y','2021-12-24 00:00:00'),(12974,35,97,'Y','2021-12-24 00:00:00'),(12975,35,112,'Y','2021-12-24 00:00:00'),(12977,35,63,'Y','2021-12-24 00:00:00'),(12978,35,64,'Y','2021-12-24 00:00:00'),(12979,35,65,'Y','2021-12-24 00:00:00'),(12980,35,72,'Y','2021-12-24 00:00:00'),(12982,35,74,'Y','2021-12-24 00:00:00'),(12983,35,77,'Y','2021-12-24 00:00:00'),(12984,35,78,'Y','2021-12-24 00:00:00'),(12990,36,8,'Y','2021-12-24 00:00:00'),(13712,27,6,'Y','2022-01-18 00:00:00'),(13713,27,8,'Y','2022-01-18 00:00:00'),(13714,27,60,'Y','2022-01-18 00:00:00'),(13716,27,10,'Y','2022-01-18 00:00:00'),(13718,27,30,'Y','2022-01-18 00:00:00'),(13720,27,36,'Y','2022-01-18 00:00:00'),(13721,27,37,'Y','2022-01-18 00:00:00'),(13722,27,41,'Y','2022-01-18 00:00:00'),(13723,27,43,'Y','2022-01-18 00:00:00'),(13724,27,44,'Y','2022-01-18 00:00:00'),(13725,27,114,'Y','2022-01-18 00:00:00'),(13726,27,12,'Y','2022-01-18 00:00:00'),(13727,27,15,'Y','2022-01-18 00:00:00'),(13728,27,19,'Y','2022-01-18 00:00:00'),(13729,27,20,'Y','2022-01-18 00:00:00'),(13730,27,22,'Y','2022-01-18 00:00:00'),(13731,27,24,'Y','2022-01-18 00:00:00'),(13734,27,83,'Y','2022-01-18 00:00:00'),(13735,27,87,'Y','2022-01-18 00:00:00'),(13737,27,88,'Y','2022-01-18 00:00:00'),(14342,22,6,'Y','2022-02-25 00:00:00'),(14343,22,8,'Y','2022-02-25 00:00:00'),(14344,22,10,'Y','2022-02-25 00:00:00'),(14346,22,30,'Y','2022-02-25 00:00:00'),(14348,22,36,'Y','2022-02-25 00:00:00'),(14349,22,37,'Y','2022-02-25 00:00:00'),(14350,22,38,'Y','2022-02-25 00:00:00'),(14351,22,40,'Y','2022-02-25 00:00:00'),(14352,22,41,'Y','2022-02-25 00:00:00'),(14353,22,42,'Y','2022-02-25 00:00:00'),(14354,22,43,'Y','2022-02-25 00:00:00'),(14355,22,44,'Y','2022-02-25 00:00:00'),(14356,22,114,'Y','2022-02-25 00:00:00'),(14357,22,139,'Y','2022-02-25 00:00:00'),(14360,22,12,'Y','2022-02-25 00:00:00'),(14361,22,15,'Y','2022-02-25 00:00:00'),(14362,22,16,'Y','2022-02-25 00:00:00'),(14364,22,19,'Y','2022-02-25 00:00:00'),(14365,22,20,'Y','2022-02-25 00:00:00'),(14367,22,22,'Y','2022-02-25 00:00:00'),(14368,22,24,'Y','2022-02-25 00:00:00'),(14371,22,81,'Y','2022-02-25 00:00:00'),(14372,22,83,'Y','2022-02-25 00:00:00'),(14373,22,87,'Y','2022-02-25 00:00:00'),(14374,22,98,'Y','2022-02-25 00:00:00'),(14378,22,76,'Y','2022-02-25 00:00:00'),(14379,22,82,'Y','2022-02-25 00:00:00'),(14380,22,88,'Y','2022-02-25 00:00:00'),(14381,22,89,'Y','2022-02-25 00:00:00'),(14386,22,94,'Y','2022-02-25 00:00:00'),(14387,22,97,'Y','2022-02-25 00:00:00'),(14388,22,112,'Y','2022-02-25 00:00:00'),(14390,22,63,'Y','2022-02-25 00:00:00'),(14391,22,64,'Y','2022-02-25 00:00:00'),(14392,22,65,'Y','2022-02-25 00:00:00'),(14393,22,72,'Y','2022-02-25 00:00:00'),(14395,22,74,'Y','2022-02-25 00:00:00'),(14683,39,8,'Y','2022-03-21 00:00:00'),(14684,39,60,'Y','2022-03-21 00:00:00'),(14685,39,12,'Y','2022-03-21 00:00:00'),(14686,39,15,'Y','2022-03-21 00:00:00'),(14687,39,16,'Y','2022-03-21 00:00:00'),(14688,39,19,'Y','2022-03-21 00:00:00'),(14689,39,24,'Y','2022-03-21 00:00:00'),(14692,39,83,'Y','2022-03-21 00:00:00'),(14695,39,76,'Y','2022-03-21 00:00:00'),(14696,39,82,'Y','2022-03-21 00:00:00'),(14697,39,88,'Y','2022-03-21 00:00:00'),(14698,39,89,'Y','2022-03-21 00:00:00'),(14700,39,94,'Y','2022-03-21 00:00:00'),(14702,39,97,'Y','2022-03-21 00:00:00'),(16817,2,6,'Y','2022-07-18 00:00:00'),(16818,2,69,'Y','2022-07-18 00:00:00'),(16820,2,79,'Y','2022-07-18 00:00:00'),(16822,2,86,'Y','2022-07-18 00:00:00'),(16823,2,113,'Y','2022-07-18 00:00:00'),(16828,2,8,'Y','2022-07-18 00:00:00'),(16829,2,51,'Y','2022-07-18 00:00:00'),(16830,2,52,'Y','2022-07-18 00:00:00'),(16831,2,53,'Y','2022-07-18 00:00:00'),(16834,2,56,'Y','2022-07-18 00:00:00'),(16838,2,60,'Y','2022-07-18 00:00:00'),(16839,2,61,'Y','2022-07-18 00:00:00'),(16840,2,62,'Y','2022-07-18 00:00:00'),(16841,2,111,'Y','2022-07-18 00:00:00'),(16843,2,135,'Y','2022-07-18 00:00:00'),(16844,2,136,'Y','2022-07-18 00:00:00'),(16847,2,9,'Y','2022-07-18 00:00:00'),(16848,2,45,'Y','2022-07-18 00:00:00'),(16849,2,46,'Y','2022-07-18 00:00:00'),(16852,2,49,'Y','2022-07-18 00:00:00'),(16855,2,10,'Y','2022-07-18 00:00:00'),(16857,2,30,'Y','2022-07-18 00:00:00'),(16862,2,35,'Y','2022-07-18 00:00:00'),(16863,2,36,'Y','2022-07-18 00:00:00'),(16864,2,37,'Y','2022-07-18 00:00:00'),(16865,2,38,'Y','2022-07-18 00:00:00'),(16867,2,40,'Y','2022-07-18 00:00:00'),(16868,2,41,'Y','2022-07-18 00:00:00'),(16869,2,42,'Y','2022-07-18 00:00:00'),(16870,2,43,'Y','2022-07-18 00:00:00'),(16871,2,44,'Y','2022-07-18 00:00:00'),(16872,2,114,'Y','2022-07-18 00:00:00'),(16875,2,139,'Y','2022-07-18 00:00:00'),(16886,2,12,'Y','2022-07-18 00:00:00'),(16887,2,15,'Y','2022-07-18 00:00:00'),(16888,2,16,'Y','2022-07-18 00:00:00'),(16891,2,19,'Y','2022-07-18 00:00:00'),(16892,2,20,'Y','2022-07-18 00:00:00'),(16894,2,22,'Y','2022-07-18 00:00:00'),(16896,2,24,'Y','2022-07-18 00:00:00'),(16899,2,81,'Y','2022-07-18 00:00:00'),(16900,2,83,'Y','2022-07-18 00:00:00'),(16901,2,87,'Y','2022-07-18 00:00:00'),(16902,2,98,'Y','2022-07-18 00:00:00'),(16903,2,122,'Y','2022-07-18 00:00:00'),(16911,2,76,'Y','2022-07-18 00:00:00'),(16912,2,82,'Y','2022-07-18 00:00:00'),(16913,2,88,'Y','2022-07-18 00:00:00'),(16914,2,89,'Y','2022-07-18 00:00:00'),(16919,2,94,'Y','2022-07-18 00:00:00'),(16922,2,97,'Y','2022-07-18 00:00:00'),(16923,2,112,'Y','2022-07-18 00:00:00'),(16925,2,63,'Y','2022-07-18 00:00:00'),(16926,2,64,'Y','2022-07-18 00:00:00'),(16927,2,65,'Y','2022-07-18 00:00:00'),(16928,2,72,'Y','2022-07-18 00:00:00'),(16930,2,74,'Y','2022-07-18 00:00:00'),(16931,2,77,'Y','2022-07-18 00:00:00'),(16932,2,78,'Y','2022-07-18 00:00:00'),(17407,6,8,'Y','2022-10-11 00:00:00'),(17408,6,9,'Y','2022-10-11 00:00:00'),(17409,6,45,'Y','2022-10-11 00:00:00'),(17410,6,46,'Y','2022-10-11 00:00:00'),(17413,6,49,'Y','2022-10-11 00:00:00'),(17416,6,152,'Y','2022-10-11 00:00:00'),(17422,6,160,'Y','2022-10-11 00:00:00'),(17425,6,12,'Y','2022-10-11 00:00:00'),(17427,6,24,'Y','2022-10-11 00:00:00'),(17429,6,81,'Y','2022-10-11 00:00:00'),(17433,6,63,'Y','2022-10-11 00:00:00'),(17434,6,64,'Y','2022-10-11 00:00:00'),(17435,6,65,'Y','2022-10-11 00:00:00'),(17436,6,74,'Y','2022-10-11 00:00:00'),(18567,28,6,'Y','2023-01-23 00:00:00'),(18572,28,8,'Y','2023-01-23 00:00:00'),(18573,28,60,'Y','2023-01-23 00:00:00'),(18574,28,62,'Y','2023-01-23 00:00:00'),(18575,28,111,'Y','2023-01-23 00:00:00'),(18576,28,10,'Y','2023-01-23 00:00:00'),(18577,28,30,'Y','2023-01-23 00:00:00'),(18578,28,37,'Y','2023-01-23 00:00:00'),(18579,28,38,'Y','2023-01-23 00:00:00'),(18580,28,42,'Y','2023-01-23 00:00:00'),(18581,28,44,'Y','2023-01-23 00:00:00'),(18584,28,12,'Y','2023-01-23 00:00:00'),(18585,28,15,'Y','2023-01-23 00:00:00'),(18586,28,19,'Y','2023-01-23 00:00:00'),(18587,28,20,'Y','2023-01-23 00:00:00'),(18589,28,22,'Y','2023-01-23 00:00:00'),(18590,28,24,'Y','2023-01-23 00:00:00'),(18593,28,83,'Y','2023-01-23 00:00:00'),(18594,28,98,'Y','2023-01-23 00:00:00'),(18599,28,76,'Y','2023-01-23 00:00:00'),(18600,28,82,'Y','2023-01-23 00:00:00'),(18601,28,88,'Y','2023-01-23 00:00:00'),(18602,28,94,'Y','2023-01-23 00:00:00'),(18603,28,97,'Y','2023-01-23 00:00:00'),(20299,21,6,'Y','2023-04-20 00:00:00'),(20302,21,8,'Y','2023-04-20 00:00:00'),(20303,21,62,'Y','2023-04-20 00:00:00'),(20304,21,111,'Y','2023-04-20 00:00:00'),(20305,21,9,'Y','2023-04-20 00:00:00'),(20307,21,10,'Y','2023-04-20 00:00:00'),(20308,21,30,'Y','2023-04-20 00:00:00'),(20312,21,36,'Y','2023-04-20 00:00:00'),(20313,21,37,'Y','2023-04-20 00:00:00'),(20314,21,38,'Y','2023-04-20 00:00:00'),(20315,21,40,'Y','2023-04-20 00:00:00'),(20316,21,41,'Y','2023-04-20 00:00:00'),(20317,21,42,'Y','2023-04-20 00:00:00'),(20318,21,43,'Y','2023-04-20 00:00:00'),(20319,21,44,'Y','2023-04-20 00:00:00'),(20320,21,114,'Y','2023-04-20 00:00:00'),(20321,21,139,'Y','2023-04-20 00:00:00'),(20328,21,12,'Y','2023-04-20 00:00:00'),(20329,21,15,'Y','2023-04-20 00:00:00'),(20331,21,19,'Y','2023-04-20 00:00:00'),(20332,21,20,'Y','2023-04-20 00:00:00'),(20334,21,22,'Y','2023-04-20 00:00:00'),(20335,21,24,'Y','2023-04-20 00:00:00'),(20339,21,81,'Y','2023-04-20 00:00:00'),(20340,21,83,'Y','2023-04-20 00:00:00'),(20343,21,76,'Y','2023-04-20 00:00:00'),(20344,21,82,'Y','2023-04-20 00:00:00'),(20345,21,88,'Y','2023-04-20 00:00:00'),(20346,21,97,'Y','2023-04-20 00:00:00'),(20348,21,72,'Y','2023-04-20 00:00:00'),(20528,12,6,'Y','2023-05-12 00:00:00'),(20529,12,113,'Y','2023-05-12 00:00:00'),(20530,12,8,'Y','2023-05-12 00:00:00'),(20531,12,10,'Y','2023-05-12 00:00:00'),(20532,12,30,'Y','2023-05-12 00:00:00'),(20534,12,36,'Y','2023-05-12 00:00:00'),(20535,12,37,'Y','2023-05-12 00:00:00'),(20536,12,41,'Y','2023-05-12 00:00:00'),(20537,12,43,'Y','2023-05-12 00:00:00'),(20538,12,12,'Y','2023-05-12 00:00:00'),(20539,12,15,'Y','2023-05-12 00:00:00'),(20540,12,19,'Y','2023-05-12 00:00:00'),(20542,12,83,'Y','2023-05-12 00:00:00'),(20544,12,82,'Y','2023-05-12 00:00:00'),(20545,12,97,'Y','2023-05-12 00:00:00'),(20546,12,112,'Y','2023-05-12 00:00:00'),(20687,19,10,'Y','2023-07-06 00:00:00'),(20688,19,44,'Y','2023-07-06 00:00:00'),(20689,19,12,'Y','2023-07-06 00:00:00'),(20690,19,19,'Y','2023-07-06 00:00:00'),(20693,19,83,'Y','2023-07-06 00:00:00'),(20695,19,82,'Y','2023-07-06 00:00:00'),(20696,19,97,'Y','2023-07-06 00:00:00'),(20699,8,6,'Y','2023-07-13 00:00:00'),(20700,8,86,'Y','2023-07-13 00:00:00'),(20701,8,113,'Y','2023-07-13 00:00:00'),(20702,8,8,'Y','2023-07-13 00:00:00'),(20703,8,10,'Y','2023-07-13 00:00:00'),(20704,8,30,'Y','2023-07-13 00:00:00'),(20705,8,36,'Y','2023-07-13 00:00:00'),(20706,8,37,'Y','2023-07-13 00:00:00'),(20707,8,38,'Y','2023-07-13 00:00:00'),(20708,8,41,'Y','2023-07-13 00:00:00'),(20709,8,43,'Y','2023-07-13 00:00:00'),(20710,8,44,'Y','2023-07-13 00:00:00'),(20711,8,12,'Y','2023-07-13 00:00:00'),(20712,8,15,'Y','2023-07-13 00:00:00'),(20713,8,19,'Y','2023-07-13 00:00:00'),(20716,8,83,'Y','2023-07-13 00:00:00'),(20718,8,82,'Y','2023-07-13 00:00:00'),(20719,8,88,'Y','2023-07-13 00:00:00'),(20720,8,97,'Y','2023-07-13 00:00:00'),(20721,8,112,'Y','2023-07-13 00:00:00'),(21062,38,6,'Y','2023-07-25 00:00:00'),(21063,38,69,'Y','2023-07-25 00:00:00'),(21065,38,79,'Y','2023-07-25 00:00:00'),(21066,38,86,'Y','2023-07-25 00:00:00'),(21072,38,8,'Y','2023-07-25 00:00:00'),(21073,38,51,'Y','2023-07-25 00:00:00'),(21074,38,52,'Y','2023-07-25 00:00:00'),(21075,38,53,'Y','2023-07-25 00:00:00'),(21078,38,56,'Y','2023-07-25 00:00:00'),(21081,38,60,'Y','2023-07-25 00:00:00'),(21082,38,61,'Y','2023-07-25 00:00:00'),(21083,38,62,'Y','2023-07-25 00:00:00'),(21084,38,135,'Y','2023-07-25 00:00:00'),(21085,38,136,'Y','2023-07-25 00:00:00'),(21086,38,9,'Y','2023-07-25 00:00:00'),(21087,38,45,'Y','2023-07-25 00:00:00'),(21088,38,46,'Y','2023-07-25 00:00:00'),(21091,38,49,'Y','2023-07-25 00:00:00'),(21093,38,10,'Y','2023-07-25 00:00:00'),(21095,38,30,'Y','2023-07-25 00:00:00'),(21099,38,35,'Y','2023-07-25 00:00:00'),(21100,38,36,'Y','2023-07-25 00:00:00'),(21101,38,37,'Y','2023-07-25 00:00:00'),(21102,38,38,'Y','2023-07-25 00:00:00'),(21104,38,41,'Y','2023-07-25 00:00:00'),(21105,38,42,'Y','2023-07-25 00:00:00'),(21106,38,43,'Y','2023-07-25 00:00:00'),(21107,38,44,'Y','2023-07-25 00:00:00'),(21110,38,139,'Y','2023-07-25 00:00:00'),(21121,38,12,'Y','2023-07-25 00:00:00'),(21122,38,15,'Y','2023-07-25 00:00:00'),(21123,38,16,'Y','2023-07-25 00:00:00'),(21126,38,19,'Y','2023-07-25 00:00:00'),(21127,38,20,'Y','2023-07-25 00:00:00'),(21129,38,22,'Y','2023-07-25 00:00:00'),(21131,38,24,'Y','2023-07-25 00:00:00'),(21134,38,81,'Y','2023-07-25 00:00:00'),(21135,38,83,'Y','2023-07-25 00:00:00'),(21136,38,87,'Y','2023-07-25 00:00:00'),(21137,38,98,'Y','2023-07-25 00:00:00'),(21138,38,122,'Y','2023-07-25 00:00:00'),(21145,38,76,'Y','2023-07-25 00:00:00'),(21146,38,82,'Y','2023-07-25 00:00:00'),(21147,38,88,'Y','2023-07-25 00:00:00'),(21148,38,89,'Y','2023-07-25 00:00:00'),(21153,38,94,'Y','2023-07-25 00:00:00'),(21156,38,97,'Y','2023-07-25 00:00:00'),(21157,38,112,'Y','2023-07-25 00:00:00'),(21159,38,63,'Y','2023-07-25 00:00:00'),(21160,38,64,'Y','2023-07-25 00:00:00'),(21161,38,65,'Y','2023-07-25 00:00:00'),(21162,38,72,'Y','2023-07-25 00:00:00'),(21164,38,74,'Y','2023-07-25 00:00:00'),(21165,38,77,'Y','2023-07-25 00:00:00'),(21166,38,78,'Y','2023-07-25 00:00:00'),(21453,3,6,'Y','2023-09-13 00:00:00'),(21454,3,69,'Y','2023-09-13 00:00:00'),(21455,3,79,'Y','2023-09-13 00:00:00'),(21456,3,86,'Y','2023-09-13 00:00:00'),(21457,3,113,'Y','2023-09-13 00:00:00'),(21458,3,169,'Y','2023-09-13 00:00:00'),(21459,3,170,'Y','2023-09-13 00:00:00'),(21460,3,8,'Y','2023-09-13 00:00:00'),(21461,3,52,'Y','2023-09-13 00:00:00'),(21462,3,53,'Y','2023-09-13 00:00:00'),(21463,3,60,'Y','2023-09-13 00:00:00'),(21464,3,61,'Y','2023-09-13 00:00:00'),(21465,3,62,'Y','2023-09-13 00:00:00'),(21466,3,111,'Y','2023-09-13 00:00:00'),(21467,3,9,'Y','2023-09-13 00:00:00'),(21468,3,45,'Y','2023-09-13 00:00:00'),(21469,3,46,'Y','2023-09-13 00:00:00'),(21470,3,49,'Y','2023-09-13 00:00:00'),(21471,3,152,'Y','2023-09-13 00:00:00'),(21472,3,160,'Y','2023-09-13 00:00:00'),(21473,3,164,'Y','2023-09-13 00:00:00'),(21474,3,10,'Y','2023-09-13 00:00:00'),(21475,3,30,'Y','2023-09-13 00:00:00'),(21476,3,36,'Y','2023-09-13 00:00:00'),(21477,3,37,'Y','2023-09-13 00:00:00'),(21478,3,38,'Y','2023-09-13 00:00:00'),(21479,3,40,'Y','2023-09-13 00:00:00'),(21480,3,41,'Y','2023-09-13 00:00:00'),(21481,3,42,'Y','2023-09-13 00:00:00'),(21482,3,43,'Y','2023-09-13 00:00:00'),(21483,3,44,'Y','2023-09-13 00:00:00'),(21484,3,12,'Y','2023-09-13 00:00:00'),(21485,3,15,'Y','2023-09-13 00:00:00'),(21486,3,16,'Y','2023-09-13 00:00:00'),(21487,3,19,'Y','2023-09-13 00:00:00'),(21488,3,20,'Y','2023-09-13 00:00:00'),(21489,3,22,'Y','2023-09-13 00:00:00'),(21490,3,24,'Y','2023-09-13 00:00:00'),(21491,4,6,'Y','2023-09-13 00:00:00'),(21492,4,8,'Y','2023-09-13 00:00:00'),(21493,4,62,'Y','2023-09-13 00:00:00'),(21494,4,111,'Y','2023-09-13 00:00:00'),(21495,4,9,'Y','2023-09-13 00:00:00'),(21496,4,10,'Y','2023-09-13 00:00:00'),(21497,4,30,'Y','2023-09-13 00:00:00'),(21498,4,36,'Y','2023-09-13 00:00:00'),(21499,4,37,'Y','2023-09-13 00:00:00'),(21500,4,38,'Y','2023-09-13 00:00:00'),(21501,4,40,'Y','2023-09-13 00:00:00'),(21502,4,41,'Y','2023-09-13 00:00:00'),(21503,4,42,'Y','2023-09-13 00:00:00'),(21504,4,43,'Y','2023-09-13 00:00:00'),(21505,4,44,'Y','2023-09-13 00:00:00'),(21506,4,12,'Y','2023-09-13 00:00:00'),(21507,4,15,'Y','2023-09-13 00:00:00'),(21508,4,19,'Y','2023-09-13 00:00:00'),(21509,4,20,'Y','2023-09-13 00:00:00'),(21510,4,22,'Y','2023-09-13 00:00:00'),(21511,4,24,'Y','2023-09-13 00:00:00'),(22607,1,6,'Y','2023-10-04 00:00:00'),(22608,1,69,'Y','2023-10-04 00:00:00'),(22609,1,71,'Y','2023-10-04 00:00:00'),(22610,1,79,'Y','2023-10-04 00:00:00'),(22611,1,85,'Y','2023-10-04 00:00:00'),(22612,1,86,'Y','2023-10-04 00:00:00'),(22613,1,113,'Y','2023-10-04 00:00:00'),(22614,1,122,'Y','2023-10-04 00:00:00'),(22615,1,165,'Y','2023-10-04 00:00:00'),(22616,1,169,'Y','2023-10-04 00:00:00'),(22617,1,170,'Y','2023-10-04 00:00:00'),(22618,1,177,'Y','2023-10-04 00:00:00'),(22619,1,8,'Y','2023-10-04 00:00:00'),(22620,1,51,'Y','2023-10-04 00:00:00'),(22621,1,52,'Y','2023-10-04 00:00:00'),(22622,1,53,'Y','2023-10-04 00:00:00'),(22623,1,54,'Y','2023-10-04 00:00:00'),(22624,1,55,'Y','2023-10-04 00:00:00'),(22625,1,56,'Y','2023-10-04 00:00:00'),(22626,1,57,'Y','2023-10-04 00:00:00'),(22627,1,58,'Y','2023-10-04 00:00:00'),(22628,1,59,'Y','2023-10-04 00:00:00'),(22629,1,60,'Y','2023-10-04 00:00:00'),(22630,1,61,'Y','2023-10-04 00:00:00'),(22631,1,62,'Y','2023-10-04 00:00:00'),(22632,1,111,'Y','2023-10-04 00:00:00'),(22633,1,115,'Y','2023-10-04 00:00:00'),(22634,1,135,'Y','2023-10-04 00:00:00'),(22635,1,136,'Y','2023-10-04 00:00:00'),(22636,1,151,'Y','2023-10-04 00:00:00'),(22637,1,161,'Y','2023-10-04 00:00:00'),(22638,1,9,'Y','2023-10-04 00:00:00'),(22639,1,45,'Y','2023-10-04 00:00:00'),(22640,1,46,'Y','2023-10-04 00:00:00'),(22641,1,47,'Y','2023-10-04 00:00:00'),(22642,1,48,'Y','2023-10-04 00:00:00'),(22643,1,49,'Y','2023-10-04 00:00:00'),(22644,1,126,'Y','2023-10-04 00:00:00'),(22645,1,134,'Y','2023-10-04 00:00:00'),(22646,1,152,'Y','2023-10-04 00:00:00'),(22647,1,153,'Y','2023-10-04 00:00:00'),(22648,1,154,'Y','2023-10-04 00:00:00'),(22649,1,156,'Y','2023-10-04 00:00:00'),(22650,1,157,'Y','2023-10-04 00:00:00'),(22651,1,159,'Y','2023-10-04 00:00:00'),(22652,1,160,'Y','2023-10-04 00:00:00'),(22653,1,164,'Y','2023-10-04 00:00:00'),(22654,1,171,'Y','2023-10-04 00:00:00'),(22655,1,10,'Y','2023-10-04 00:00:00'),(22656,1,29,'Y','2023-10-04 00:00:00'),(22657,1,30,'Y','2023-10-04 00:00:00'),(22658,1,31,'Y','2023-10-04 00:00:00'),(22659,1,32,'Y','2023-10-04 00:00:00'),(22660,1,33,'Y','2023-10-04 00:00:00'),(22661,1,34,'Y','2023-10-04 00:00:00'),(22662,1,35,'Y','2023-10-04 00:00:00'),(22663,1,36,'Y','2023-10-04 00:00:00'),(22664,1,37,'Y','2023-10-04 00:00:00'),(22665,1,38,'Y','2023-10-04 00:00:00'),(22666,1,39,'Y','2023-10-04 00:00:00'),(22667,1,40,'Y','2023-10-04 00:00:00'),(22668,1,41,'Y','2023-10-04 00:00:00'),(22669,1,42,'Y','2023-10-04 00:00:00'),(22670,1,43,'Y','2023-10-04 00:00:00'),(22671,1,44,'Y','2023-10-04 00:00:00'),(22672,1,114,'Y','2023-10-04 00:00:00'),(22673,1,137,'Y','2023-10-04 00:00:00'),(22674,1,138,'Y','2023-10-04 00:00:00'),(22675,1,139,'Y','2023-10-04 00:00:00'),(22676,1,143,'Y','2023-10-04 00:00:00'),(22677,1,144,'Y','2023-10-04 00:00:00'),(22681,1,12,'Y','2023-10-04 00:00:00'),(22682,1,15,'Y','2023-10-04 00:00:00'),(22683,1,16,'Y','2023-10-04 00:00:00'),(22684,1,17,'Y','2023-10-04 00:00:00'),(22685,1,18,'Y','2023-10-04 00:00:00'),(22686,1,19,'Y','2023-10-04 00:00:00'),(22687,1,20,'Y','2023-10-04 00:00:00'),(22688,1,21,'Y','2023-10-04 00:00:00'),(22689,1,22,'Y','2023-10-04 00:00:00'),(22690,1,23,'Y','2023-10-04 00:00:00'),(22691,1,24,'Y','2023-10-04 00:00:00'),(22692,1,174,'Y','2023-10-04 00:00:00'),(22693,1,14,'Y','2023-10-04 00:00:00'),(22694,1,2,'Y','2023-10-04 00:00:00'),(22695,1,3,'Y','2023-10-04 00:00:00'),(22696,1,4,'Y','2023-10-04 00:00:00'),(22697,1,119,'Y','2023-10-04 00:00:00'),(22698,1,162,'Y','2023-10-04 00:00:00'),(22699,1,163,'Y','2023-10-04 00:00:00'),(22700,1,168,'Y','2023-10-04 00:00:00'),(22701,1,173,'Y','2023-10-04 00:00:00'),(22702,1,121,'Y','2023-10-04 00:00:00'),(22703,1,80,'Y','2023-10-04 00:00:00'),(22704,1,81,'Y','2023-10-04 00:00:00'),(22705,1,83,'Y','2023-10-04 00:00:00'),(22706,1,87,'Y','2023-10-04 00:00:00'),(22707,1,98,'Y','2023-10-04 00:00:00'),(22708,1,127,'Y','2023-10-04 00:00:00'),(22709,1,128,'Y','2023-10-04 00:00:00'),(22710,1,131,'Y','2023-10-04 00:00:00'),(22711,1,132,'Y','2023-10-04 00:00:00'),(22712,1,150,'Y','2023-10-04 00:00:00'),(22713,1,123,'Y','2023-10-04 00:00:00'),(22714,1,75,'Y','2023-10-04 00:00:00'),(22715,1,76,'Y','2023-10-04 00:00:00'),(22716,1,82,'Y','2023-10-04 00:00:00'),(22717,1,88,'Y','2023-10-04 00:00:00'),(22718,1,89,'Y','2023-10-04 00:00:00'),(22719,1,90,'Y','2023-10-04 00:00:00'),(22720,1,91,'Y','2023-10-04 00:00:00'),(22721,1,92,'Y','2023-10-04 00:00:00'),(22722,1,93,'Y','2023-10-04 00:00:00'),(22723,1,94,'Y','2023-10-04 00:00:00'),(22724,1,95,'Y','2023-10-04 00:00:00'),(22725,1,96,'Y','2023-10-04 00:00:00'),(22726,1,97,'Y','2023-10-04 00:00:00'),(22727,1,112,'Y','2023-10-04 00:00:00'),(22728,1,124,'Y','2023-10-04 00:00:00'),(22729,1,63,'Y','2023-10-04 00:00:00'),(22730,1,64,'Y','2023-10-04 00:00:00'),(22731,1,65,'Y','2023-10-04 00:00:00'),(22732,1,72,'Y','2023-10-04 00:00:00'),(22733,1,73,'Y','2023-10-04 00:00:00'),(22734,1,74,'Y','2023-10-04 00:00:00'),(22735,1,77,'Y','2023-10-04 00:00:00'),(22736,1,78,'Y','2023-10-04 00:00:00'),(22737,1,84,'Y','2023-10-04 00:00:00'),(22738,1,99,'Y','2023-10-04 00:00:00');

/*!40101 SET SQL_MODE=@OLD_SQL_MODE */;
/*!40014 SET FOREIGN_KEY_CHECKS=@OLD_FOREIGN_KEY_CHECKS */;
/*!40014 SET UNIQUE_CHECKS=@OLD_UNIQUE_CHECKS */;
/*!40111 SET SQL_NOTES=@OLD_SQL_NOTES */;
